Month,Total_Sales
1,1014999.7136616653
2,877779.4521620005
3,1130941.1469259763
4,1019680.1984089463
5,1092636.1483763114
6,1099337.157079605
7,1043394.3501886079
8,1183869.0483866164
9,1157953.082734739
10,1007096.496132465
11,1172728.5335665555
12,974208.7716652128
