Product,Total_Sales
Product E,2685511.563091141
Product A,2572061.925187126
Product D,2569760.923909742
Product B,2565503.098530234
Product C,2381786.5885704583
