Region,Total_Sales
West,2864360.5633550063
South,2631886.93449301
North,2520356.2030151426
Central,2489934.657162214
East,2268085.741263328
